[{"sid":"123","sub1":"CF","sub1m":"70","sub2":"C++","sub2m":"50","sub3":"MC","sub3m":"90","sub4":"BC","sub4m":"70"},{"sid":"129","sub1":"ETF","sub1m":"90","sub2":"SE","sub2m":"60","sub3":"OOP","sub3m":"70","sub4":"WAD","sub4m":"50"},{"sid":"156","sub1":"C#","sub1m":"70","sub2":"English","sub2m":"50","sub3":"Maths","sub3m":"70","sub4":"DSA","sub4m":"80"},{"sid":"567","sub1":"CDS","sub1m":"60","sub2":"ME","sub2m":"80","sub3":"RTS","sub3m":"70","sub4":"YMMV","sub4m":"60"},{"sid":"12345","sub1":"a","sub1m":"a","sub2":"a","sub2m":"a","sub3":"a","sub3m":"a","sub4":"a","sub4m":"a"}]