[{"sid":"1000","firstName":"Dineth","lastName":"Mallawarachchi","email":"Dineth@test.com","nearestCity":"Nugegoda","course":"HDIT","guardian":"Jack_John","subjects":"ETF, DBMS, WAD, SE, OOP"},{"sid":"1002","firstName":"Dhananjaya","lastName":"Dilshan","email":"Rovinta@123.com","nearestCity":"Kiribathgoda","course":"HDIT","guardian":"John_Snow","subjects":"ETF, DBMS, WAD, SE, OOP"},{"sid":"1003","firstName":"Micheal","lastName":"Joel?","email":"456@123.com","nearestCity":"Colombo","course":"HDIT","guardian":"Jack_Sparrow","subjects":"ETF, DBMS, WAD, SE, OOP"},{"sid":"1005","firstName":"Suresh","lastName":"Sarves","email":"98@123.com","nearestCity":"Colombo","course":"HDIT","guardian":"Albus_Dumbledore","subjects":"ETF, DBMS, WAD, SE, OOP"},{"sid":"12345","firstName":"a","lastName":"b","email":"c","nearestCity":"d","course":"e","guardian":"f","subjects":"g"},{"sid":"1001","firstName":"a","lastName":"b","email":"c","nearestCity":"d","course":"e","guardian":"f","subjects":"g"}]